ok,category,item_name,display_id,ticket_id,ticket_url,group_assigned,group_id,group_name,error
yes,CWT Gateway Resource,CWT - Gateway Resource Portal Instructions,1566,3265825,https://amexgbt.freshservice.com/a/tickets/3265825,no,,,
yes,CWT Gateway Resource,Gateway - Service Request,1520,3265827,https://amexgbt.freshservice.com/a/tickets/3265827,no,,,
yes,CWT Meetings & Events,CWT - M&E Client Administration,1475,3265828,https://amexgbt.freshservice.com/a/tickets/3265828,yes,17000393491,CWT Enhance ME User Support,
yes,CWT Meetings & Events,CWT - M&E User Administration,1474,3265919,https://amexgbt.freshservice.com/a/tickets/3265919,yes,17000393491,CWT Enhance ME User Support,
yes,CWT Meetings & Events,CWT - M&E Supplier Administration,1469,3265829,https://amexgbt.freshservice.com/a/tickets/3265829,yes,17000393491,CWT Enhance ME User Support,
yes,CWT support, CWT ARCS Work Request,1517,3265830,https://amexgbt.freshservice.com/a/tickets/3265830,no,,,
yes,CWT support,Access to Oracle Apex Application ,1447,3265920,https://amexgbt.freshservice.com/a/tickets/3265920,no,,,
yes,CWT support,APAC Application Access - MyAU Matrix,1541,3265921,https://amexgbt.freshservice.com/a/tickets/3265921,no,,,
no,CWT support,Application Access - TravCom,1497,,,no,,,"POST /api/v2/service_catalog/items/1497/place_request failed 400: {""description"":""Validation failed"",""errors"":[{""field"":""select_effective_date_for_deletion_325251"",""message"":""Unexpected/invalid field in request"",""code"":""invalid_field""},{""field"":""if_other_please_provide_more_information___cwt_325251"",""message"":""Unexpected/invalid field in request"",""code"":""invalid_field""},{""field"":""if_other_please_provide_more_information___travcom_325251"",""message"":""Unexpected/in"
yes,CWT support,APAC IT Finance System Service Request,1525,3265831,https://amexgbt.freshservice.com/a/tickets/3265831,yes,17000393470,CWT Finance Systems Development - APAC,
no,CWT support,Application Access Finance  - ACCPAC,1545,,,no,,,"POST /api/v2/service_catalog/items/1545/place_request failed 400: {""description"":""Validation failed"",""errors"":[{""field"":""select_effective_date_for_deletion_325251"",""message"":""Unexpected/invalid field in request"",""code"":""invalid_field""},{""field"":""if_other_please_provide_more_information_325251"",""message"":""Unexpected/invalid field in request"",""code"":""invalid_field""}]}"
yes,CWT support,Application Access Request Form - Zillious,1460,3265922,https://amexgbt.freshservice.com/a/tickets/3265922,no,,,
yes,CWT support,AS/400 Technical Request,1394,3265923,https://amexgbt.freshservice.com/a/tickets/3265923,yes,17000393490,CWT EMEA IT AS/400 SYS ENGINEERING,
yes,CWT support,Application Performance Testing,1456,3265832,https://amexgbt.freshservice.com/a/tickets/3265832,no,,,
yes,CWT support,Audit Request Intake (IT Infrastructure Only),1501,3265833,https://amexgbt.freshservice.com/a/tickets/3265833,no,,,
yes,CWT support,Backup Support Request,1398,3265834,https://amexgbt.freshservice.com/a/tickets/3265834,no,,,
yes,CWT support,BI Data Requests,1393,3265835,https://amexgbt.freshservice.com/a/tickets/3265835,yes,17000393494,CWT BI Data Warehouse Support,
yes,CWT support,Certificate Assignment Group Update,1530,3265836,https://amexgbt.freshservice.com/a/tickets/3265836,yes,17000392773,CWT WEB Operations,
yes,CWT support,Control M Access Request,1555,3265837,https://amexgbt.freshservice.com/a/tickets/3265837,no,,,
yes,CWT support,CMDB Update Automation for Leavers,1538,3265838,https://amexgbt.freshservice.com/a/tickets/3265838,no,,,
yes,CWT support,Counselor Knowledge - Request Form,1397,3265840,https://amexgbt.freshservice.com/a/tickets/3265840,no,,,
yes,CWT support,Counselor Platform - Enhancement Suggestions,1554,3265839,https://amexgbt.freshservice.com/a/tickets/3265839,no,,,
yes,CWT support,CTX Reporting and CRM/eSOW/PO Tools Support,1527,3265924,https://amexgbt.freshservice.com/a/tickets/3265924,yes,17000393474,CWT GLOBAL CRM SUPPORT,
no,CWT support,CWT -  Home Internet Request,1503,,,no,,,"POST /api/v2/service_catalog/items/1503/place_request failed 400: {""description"":""Validation failed"",""errors"":[{""field"":""country"",""message"":""This field cannot be empty"",""code"":""missing_field""}]}"
yes,CWT support,"CWT - Active Directory Create, Modify, Delete Security Group",1562,3266003,https://amexgbt.freshservice.com/a/tickets/3266003,no,,,
yes,CWT support,CWT - Application Package Request,1523,3265926,https://amexgbt.freshservice.com/a/tickets/3265926,yes,17000360724,EUC-Engineering-Global-L3,
yes,CWT support,CWT - AQUA Account Management Request				,1382,3265927,https://amexgbt.freshservice.com/a/tickets/3265927,yes,17000392777,CWT AQUA Support,
yes,CWT support,CWT - AQUA APP Support Request,1559,3265842,https://amexgbt.freshservice.com/a/tickets/3265842,yes,17000392776,CWT AQUA APP Support,
no,CWT support,CWT - AQUA Support Request,1558,,,no,,,"POST /api/v2/service_catalog/items/1558/place_request failed 400: {""description"":""Validation failed"",""errors"":[{""field"":""service_request"",""message"":""Invalid Invalid value Assigned to: 17005035989"",""code"":""invalid_value""}]}"
yes,CWT support,CWT - AQUA Troubleshooting Request,1374,3265929,https://amexgbt.freshservice.com/a/tickets/3265929,yes,17000392777,CWT AQUA Support,
no,CWT support,CWT - Audit Request Intake (IT Infrastructure Only),1499,,,no,,,"POST /api/v2/service_catalog/items/1499/place_request failed 400: {""description"":""Validation failed"",""errors"":[{""field"":""service_request"",""message"":""Invalid Invalid value Fulfillment Team"",""code"":""invalid_value""}]}"
yes,CWT support,CWT - Automated Asset Retrieval,1465,3265843,https://amexgbt.freshservice.com/a/tickets/3265843,no,,,
yes,CWT support,CWT - AWS Account Decom Request,1546,3265844,https://amexgbt.freshservice.com/a/tickets/3265844,no,,,
yes,CWT support,CWT - Cloud Application (Azure),1504,3265931,https://amexgbt.freshservice.com/a/tickets/3265931,no,,,
yes,CWT support,CWT - AWS Cloud Access Request,1563,3265930,https://amexgbt.freshservice.com/a/tickets/3265930,no,,,
no,CWT support,CWT - Create Technical Service CI,1549,,,no,,,"POST /api/v2/service_catalog/items/1549/place_request failed 400: {""description"":""Validation failed"",""errors"":[{""field"":""support_group"",""message"":""This field cannot be empty"",""code"":""missing_field""}]}"
yes,CWT support,CWT - CyberArk Password Vault Request,1560,3266004,https://amexgbt.freshservice.com/a/tickets/3266004,no,,,
no,CWT support,CWT - D&G Data/Environment Access Request,1561,,,no,,,"POST /api/v2/service_catalog/items/1561/place_request failed 400: {""description"":""Validation failed"",""errors"":[{""field"":""current_location_state"",""message"":""This field cannot be empty"",""code"":""missing_field""}]}"
no,CWT support,CWT - Database Permissions,1505,,,no,,,"POST /api/v2/service_catalog/items/1505/place_request failed 400: {""description"":""Validation failed"",""errors"":[{""field"":""account_name_325251"",""message"":""Unexpected/invalid field in request"",""code"":""invalid_field""}]}"
no,CWT support,CWT - EdgeWAF Onboarding,1548,,,no,,,"POST /api/v2/service_catalog/items/1548/place_request failed 400: {""description"":""Validation failed"",""errors"":[{""field"":""please_specify_cloud_service_provider_csp_325251"",""message"":""Unexpected/invalid field in request"",""code"":""invalid_field""}]}"
no,CWT support,CWT - ERP Technical Support Request,1491,,,no,,,"POST /api/v2/service_catalog/items/1491/place_request failed 400: {""description"":""Validation failed"",""errors"":[{""field"":""specify_other_request_type_325251"",""message"":""Unexpected/invalid field in request"",""code"":""invalid_field""}]}"
no,CWT support,CWT - Exclude Server from patch window (CWT Use only),1498,,,no,,,"POST /api/v2/service_catalog/items/1498/place_request failed 400: {""description"":""Validation failed"",""errors"":[{""field"":""server_name"",""message"":""This field cannot be empty"",""code"":""missing_field""}]}"
yes,CWT support,CWT - External User Access Request,1484,3265932,https://amexgbt.freshservice.com/a/tickets/3265932,no,,,
no,CWT support,CWT - GDS PCC / OID Request,1479,,,no,,,"POST /api/v2/service_catalog/items/1479/place_request failed 400: {""description"":""Validation failed"",""errors"":[{""field"":""add_owner_and_receiver_oid_325251"",""message"":""Unexpected/invalid field in request"",""code"":""invalid_field""}]}"
yes,CWT support,CWT - GitHub Access Request,1551,3265933,https://amexgbt.freshservice.com/a/tickets/3265933,no,,,
yes,CWT support,CWT - Global Desk Move Request,1495,3265934,https://amexgbt.freshservice.com/a/tickets/3265934,no,,,
yes,CWT support,CWT - Matrix Enhancement Request,1489,3265935,https://amexgbt.freshservice.com/a/tickets/3265935,no,,,
yes,CWT support,CWT - Global Telephony & Email Service Level Target Changes,1486,3265845,https://amexgbt.freshservice.com/a/tickets/3265845,yes,17000393472,CWT GCS L2 CXP GLOBAL,
yes,CWT support,CWT - NORAM Vendor Contracts Request,1506,3265936,https://amexgbt.freshservice.com/a/tickets/3265936,yes,17000393241,CWT VENDOR CONTRACT ADMIN,
yes,CWT support,CWT - Portrait HR Load Service Request Form,1500,3265937,https://amexgbt.freshservice.com/a/tickets/3265937,no,,,
yes,CWT support,CWT - Power Turbo,1487,3265938,https://amexgbt.freshservice.com/a/tickets/3265938,yes,17000392775,CWT Desktop Support,
yes,CWT support,CWT - Power Hotel Request via CSB,1485,3265846,https://amexgbt.freshservice.com/a/tickets/3265846,no,,,
no,CWT support,CWT - Project OnLine Access,1490,,,no,,,"POST /api/v2/service_catalog/items/1490/place_request failed 400: {""description"":""Validation failed"",""errors"":[{""field"":""resource_standard_hourly_rate_if_contractor_325251"",""message"":""Unexpected/invalid field in request"",""code"":""invalid_field""},{""field"":""vendor_name_if_contractor_325251"",""message"":""Unexpected/invalid field in request"",""code"":""invalid_field""}]}"
yes,CWT support,CWT - PowerBI Pro Access,1547,3265847,https://amexgbt.freshservice.com/a/tickets/3265847,no,,,
no,CWT support,"CWT - Request for new application CI used in Incident, Problem and Change processes",1564,,,no,,,"POST /api/v2/service_catalog/items/1564/place_request failed 400: {""description"":""Validation failed"",""errors"":[{""field"":""support_group"",""message"":""This field cannot be empty"",""code"":""missing_field""}]}"
yes,CWT support,CWT - SABRE GDS Scripting Team Request Form,1507,3266005,https://amexgbt.freshservice.com/a/tickets/3266005,no,,,
yes,CWT support,CWT - Service Account Request - (Non-Standard/GMSA),1550,3266006,https://amexgbt.freshservice.com/a/tickets/3266006,no,,,
yes,CWT support,CWT - Setup Secure File Transfers - Automated,1440,3265848,https://amexgbt.freshservice.com/a/tickets/3265848,no,,,
no,CWT support,CWT - SharePoint Guest Access,1438,,,no,,,"POST /api/v2/service_catalog/items/1438/place_request failed 400: {""description"":""Validation failed"",""errors"":[{""field"":""service_request"",""message"":""Invalid Invalid value CWT PoC: 205429"",""code"":""invalid_value""}]}"
yes,CWT support,CWT - SmartData Client Setup & Maintenance,1424,3265940,https://amexgbt.freshservice.com/a/tickets/3265940,no,,,
yes,CWT support,CWT - Software Application Package Request,1435,3265941,https://amexgbt.freshservice.com/a/tickets/3265941,yes,17000392756,CWT EUT MEMCM (SCCM),
yes,CWT support,CWT - SSL Certificates for Web Server or Load Balancer,1437,3265943,https://amexgbt.freshservice.com/a/tickets/3265943,no,,,
yes,CWT support,CWT - Vendor VPN Access Request,1425,3265942,https://amexgbt.freshservice.com/a/tickets/3265942,no,,,
yes,CWT support,CWT - Visual Studio Licensing Request,1428,3265944,https://amexgbt.freshservice.com/a/tickets/3265944,no,,,
yes,CWT support,CWT - VPN and RSA Token Request,1427,3265945,https://amexgbt.freshservice.com/a/tickets/3265945,no,,,
no,CWT support,CWT - Windows Server Access,1429,,,no,,,"POST /api/v2/service_catalog/items/1429/place_request failed 400: {""description"":""Validation failed"",""errors"":[{""field"":""server_name"",""message"":""This field cannot be empty"",""code"":""missing_field""}]}"
yes,CWT support,CWT Avaya Telephony User Login Request Form,1405,3265849,https://amexgbt.freshservice.com/a/tickets/3265849,yes,17000393478,CWT Global Voice Ops,
yes,CWT support,"CWT DNS, IP Address and Alias Requests",1407,3265850,https://amexgbt.freshservice.com/a/tickets/3265850,yes,17000392767,CWT Network Support,
yes,CWT support,CWT Enterprise Work Request,1515,3266007,https://amexgbt.freshservice.com/a/tickets/3266007,no,,,
yes,CWT support,CWT Enhanced CC Data Extract Request,1513,3265852,https://amexgbt.freshservice.com/a/tickets/3265852,no,,,
yes,CWT support,CWT Equipment Request - Global,1472,3265946,https://amexgbt.freshservice.com/a/tickets/3265946,no,,,
no,CWT support,CWT Matrix Request Form - AU/NZ,1518,,,no,,,"POST /api/v2/service_catalog/items/1518/place_request failed 400: {""description"":""Validation failed"",""errors"":[{""field"":""product_issue_325251"",""message"":""Unexpected/invalid field in request"",""code"":""invalid_field""}]}"
yes,CWT support,CWT General Inquiry for SNAP Product Support,1366,3265854,https://amexgbt.freshservice.com/a/tickets/3265854,no,,,
no,CWT support,CWT Matrix Request Form - US/Canada,1514,,,no,,,"POST /api/v2/service_catalog/items/1514/place_request failed 400: {""description"":""Validation failed"",""errors"":[{""field"":""business_unit_1"",""message"":""It should be one of these values: 'CWT US,CWT Canada,Harvey's Travel'"",""code"":""invalid_value""}]}"
yes,CWT support,CWT Payment Platform User Access,1439,3265855,https://amexgbt.freshservice.com/a/tickets/3265855,no,,,
no,CWT support,CWT Request for Privileged Access,1430,,,no,,,"POST /api/v2/service_catalog/items/1430/place_request failed 400: {""description"":""Validation failed"",""errors"":[{""field"":""type_of_unix_access_325251"",""message"":""Unexpected/invalid field in request"",""code"":""invalid_field""}]}"
yes,CWT support,CWT Portrait Case Support,1521,3265856,https://amexgbt.freshservice.com/a/tickets/3265856,no,,,
no,CWT support,CWT SN Resolve,1370,,,no,,,"POST /api/v2/service_catalog/items/1370/place_request failed 400: {""description"":""Validation failed"",""errors"":[{""field"":""service_request"",""message"":""Invalid Invalid value Client Top Name,Invalid Invalid value Client Subunit Name"",""code"":""invalid_value""}]}"
yes,CWT support,CWT Security Encryption Management,1419,3265857,https://amexgbt.freshservice.com/a/tickets/3265857,no,,,
yes,CWT support,CWT Unix Server Access,1432,3265947,https://amexgbt.freshservice.com/a/tickets/3265947,no,,,
yes,CWT support,CWT-Access to Citrix Desktops - Applications - Printers,1431,3265948,https://amexgbt.freshservice.com/a/tickets/3265948,no,,,
yes,CWT support,CWT-Access to Network Share (Y Drive Directory),1436,3265949,https://amexgbt.freshservice.com/a/tickets/3265949,no,,,
no,CWT support,CWT-AWS Account Creation Request,1422,,,no,,,"POST /api/v2/service_catalog/items/1422/place_request failed 400: {""description"":""Validation failed"",""errors"":[{""field"":""cloud_access_group_owner"",""message"":""This field cannot be empty"",""code"":""missing_field""},{""field"":""billing_cost_center_team"",""message"":""This field cannot be empty"",""code"":""missing_field""}]}"
yes,CWT support,CWT-Citrix Work Request,1406,3265950,https://amexgbt.freshservice.com/a/tickets/3265950,no,,,
yes,CWT support,CWT-Data Network Capacity Analysis,1416,3265951,https://amexgbt.freshservice.com/a/tickets/3265951,no,,,
yes,CWT support,CWT-Control M Administration,1417,3265859,https://amexgbt.freshservice.com/a/tickets/3265859,no,,,
yes,CWT support,CWT-Federated Single Sign On Integration Request,1415,3265952,https://amexgbt.freshservice.com/a/tickets/3265952,no,,,
yes,CWT support,CWT-Finance Operations (CWT/GP) on boarding/off boarding,1433,3265953,https://amexgbt.freshservice.com/a/tickets/3265953,yes,17000393475,CWT Global IT Service Request,
no,CWT support,CWT-General Storage allocation Request,1413,,,no,,,"POST /api/v2/service_catalog/items/1413/place_request failed 400: {""description"":""Validation failed"",""errors"":[{""field"":""support_group_or_business_will_be_used"",""message"":""This field cannot be empty"",""code"":""missing_field""}]}"
yes,CWT support,CWT-GDS Sine Request,1414,3265860,https://amexgbt.freshservice.com/a/tickets/3265860,yes,17000392781,CWT GDS TEAM,
yes,CWT support,CWT-Increase Mailbox Storage Request,1421,3265954,https://amexgbt.freshservice.com/a/tickets/3265954,no,,,
yes,CWT support,CWT-LATAM IT New Development Request,1426,3265955,https://amexgbt.freshservice.com/a/tickets/3265955,yes,17000392834,CWT LATAM-BR System Development,
yes,CWT support,CWT-Matrix Vendor / Supplier Setup Request - NON AIR,1418,3265956,https://amexgbt.freshservice.com/a/tickets/3265956,no,,,
yes,CWT support,CWT-Load Balancer VIP Request,1408,3265861,https://amexgbt.freshservice.com/a/tickets/3265861,no,,,
yes,CWT support,CWT-Modify Secure File Transfers - Automated,1410,3265862,https://amexgbt.freshservice.com/a/tickets/3265862,no,,,
yes,CWT support,CWT-myCWT Messaging Implementation Request,1441,3265957,https://amexgbt.freshservice.com/a/tickets/3265957,yes,17000393232,CWT myCWT Messaging Implementations,
no,CWT support,CWT-Oracle Supplier Request Form,1411,,,no,,,"POST /api/v2/service_catalog/items/1411/place_request failed 400: {""description"":""Validation failed"",""errors"":[{""field"":""country"",""message"":""This field cannot be empty"",""code"":""missing_field""}]}"
yes,CWT support,CWT-Outlook Mail Administration (Create/Modify/Delete),1466,3265958,https://amexgbt.freshservice.com/a/tickets/3265958,no,,,
yes,CWT support,CWT-Sabre Red 360 Request,1412,3265959,https://amexgbt.freshservice.com/a/tickets/3265959,yes,17000393238,CWT Sabre Red 360,
yes,CWT support,CWT-Red Apps CWT,1409,3265863,https://amexgbt.freshservice.com/a/tickets/3265863,yes,17000393236,CWT Red Apps CWT,
yes,CWT support,CWT-URL Filtering,1401,3265960,https://amexgbt.freshservice.com/a/tickets/3265960,no,,,
no,CWT support,CWT-VMware Automated Server Build Request,1420,,,no,,,"POST /api/v2/service_catalog/items/1420/place_request failed 400: {""description"":""Validation failed"",""errors"":[{""field"":""cpu_gt_4_325251"",""message"":""Unexpected/invalid field in request"",""code"":""invalid_field""},{""field"":""cpu_justification_325251"",""message"":""Unexpected/invalid field in request"",""code"":""invalid_field""},{""field"":""memory_gt_8_325251"",""message"":""Unexpected/invalid field in request"",""code"":""invalid_field""},{""field"":""memory_justification_325251"",""messag"
yes,CWT support,CWT-XM Fax Service Request,1446,3265961,https://amexgbt.freshservice.com/a/tickets/3265961,no,,,
no,CWT support,D&G Chat Help & Change Request,1532,,,no,,,"POST /api/v2/service_catalog/items/1532/place_request failed 400: {""description"":""Validation failed"",""errors"":[{""field"":""severity_325251"",""message"":""Unexpected/invalid field in request"",""code"":""invalid_field""},{""field"":""affected_workflow_325251"",""message"":""Unexpected/invalid field in request"",""code"":""invalid_field""}]}"
yes,CWT support,DBA Services Request,1458,3265864,https://amexgbt.freshservice.com/a/tickets/3265864,no,,,
yes,CWT support,DNA Data Imports and Exports,1457,3265865,https://amexgbt.freshservice.com/a/tickets/3265865,no,,,
yes,CWT support,Domain Email Handling Request,1442,3265866,https://amexgbt.freshservice.com/a/tickets/3265866,yes,17000392766,CWT Messaging,
yes,CWT support,EDE Contact Initiation Form,1388,3265867,https://amexgbt.freshservice.com/a/tickets/3265867,yes,17000392780,CWT EDE,
yes,CWT support,Email DMARC Request (DKIM / SPF),1463,3265962,https://amexgbt.freshservice.com/a/tickets/3265962,no,,,
no,CWT support,Encryption (Vormetric) Modification,1455,,,no,,,"POST /api/v2/service_catalog/items/1455/place_request failed 400: {""description"":""Validation failed"",""errors"":[{""field"":""if_other_please_specifiy_325251"",""message"":""Unexpected/invalid field in request"",""code"":""invalid_field""}]}"
yes,CWT support,Extranet B2B VPN,1462,3265963,https://amexgbt.freshservice.com/a/tickets/3265963,no,,,
yes,CWT support,Encryption Key Creation,1451,3265868,https://amexgbt.freshservice.com/a/tickets/3265868,no,,,
no,CWT support,Fastly NGWAF agent install,1534,,,no,,,"POST /api/v2/service_catalog/items/1534/place_request failed 400: {""description"":""Validation failed"",""errors"":[{""field"":""service_request"",""message"":""Invalid Invalid value Name of Servers: 205429"",""code"":""invalid_value""}]}"
yes,CWT support,GDPR Security SAR Process,1461,3265869,https://amexgbt.freshservice.com/a/tickets/3265869,no,,,
yes,CWT support,FR IT Back-Office Requests,1399,3265870,https://amexgbt.freshservice.com/a/tickets/3265870,yes,17000393471,CWT FR IT AS400,
yes,CWT support,General Application Middleware Request,1445,3265871,https://amexgbt.freshservice.com/a/tickets/3265871,yes,17000393492,CWT APP MIDDLEWARE & SUPPORT,
yes,CWT support,General Cloud Platform Service Request,1389,3265872,https://amexgbt.freshservice.com/a/tickets/3265872,yes,17000393502,CWT Cloud Operations,
yes,CWT support,Global Telephony Service Request,1444,3265873,https://amexgbt.freshservice.com/a/tickets/3265873,no,,,
yes,CWT support,Group Policy Object (GPO) Modification Request,1443,3265874,https://amexgbt.freshservice.com/a/tickets/3265874,no,,,
yes,CWT support,Hotel Content Services (HCS) or Rate Checker Requests,1552,3265965,https://amexgbt.freshservice.com/a/tickets/3265965,no,,,
yes,CWT support,HRO Setup,1387,3265964,https://amexgbt.freshservice.com/a/tickets/3265964,yes,17000393479,CWT HRO Setups,
yes,CWT support,HP Support Repair Request,1400,3265875,https://amexgbt.freshservice.com/a/tickets/3265875,yes,17000393228,CWT FTS ENG AMERICAS,
yes,CWT support,Lakehouse Data Inquiry,1450,3265966,https://amexgbt.freshservice.com/a/tickets/3265966,no,,,
yes,CWT support,Jira Access Request Form - Create / Modify / Remove User,1531,3265876,https://amexgbt.freshservice.com/a/tickets/3265876,yes,17000393476,CWT GLOBAL PRODUCT DELIVERY PDe,
yes,CWT support,Manual Certificate Discovery Request,1448,3265967,https://amexgbt.freshservice.com/a/tickets/3265967,no,,,
yes,CWT support,Matrix AIR Supplier Setup Request,1453,3265968,https://amexgbt.freshservice.com/a/tickets/3265968,no,,,
yes,CWT support,Lakehouse User Access Request,1543,3265877,https://amexgbt.freshservice.com/a/tickets/3265877,no,,,
yes,CWT support,MDF Access,1467,3265969,https://amexgbt.freshservice.com/a/tickets/3265969,no,,,
yes,CWT support,MDF & CIP Technical Support Request,1402,3265878,https://amexgbt.freshservice.com/a/tickets/3265878,yes,17000393231,CWT MDF Support,
yes,CWT support,MFA Reset Request,1404,3265970,https://amexgbt.freshservice.com/a/tickets/3265970,no,,,
yes,CWT support,Messaging Tracking Request,1449,3265879,https://amexgbt.freshservice.com/a/tickets/3265879,no,,,
yes,CWT support,Mobile Phone Request,1468,3265973,https://amexgbt.freshservice.com/a/tickets/3265973,no,,,
yes,CWT support,Microsoft Teams Access Request,1459,3265971,https://amexgbt.freshservice.com/a/tickets/3265971,yes,17000393503,CWT Collaboration,
yes,CWT support,Modify Secure Transfer Server Access,1452,3265974,https://amexgbt.freshservice.com/a/tickets/3265974,no,,,
yes,CWT support,MS Visio License Request,1471,3265880,https://amexgbt.freshservice.com/a/tickets/3265880,no,,,
yes,CWT support,MyARC Portal Access Request,1454,3265975,https://amexgbt.freshservice.com/a/tickets/3265975,no,,,
yes,CWT support,MyCWT Portal,1492,3265881,https://amexgbt.freshservice.com/a/tickets/3265881,no,,,
yes,CWT support,Network General Request,1386,3265882,https://amexgbt.freshservice.com/a/tickets/3265882,yes,17000392767,CWT Network Support,
yes,CWT support,NORAM Client Finance Setup/Maintenance Request,1526,3265976,https://amexgbt.freshservice.com/a/tickets/3265976,yes,17000393498,CWT Client Finance Setup,
yes,CWT support,NORAM Matrix Tax Code Request,1557,3265977,https://amexgbt.freshservice.com/a/tickets/3265977,yes,17000393230,CWT Matrix Support,
yes,CWT support,Oracle Cloud ERP Functional Support Request,1391,3265978,https://amexgbt.freshservice.com/a/tickets/3265978,yes,17000393501,CWT Cloud ERP Functional Support,
yes,CWT support,NORAM Matrix User Request Form,1535,3265883,https://amexgbt.freshservice.com/a/tickets/3265883,no,,,
no,CWT support,Physical Access Request,1470,,,no,,,"POST /api/v2/service_catalog/items/1470/place_request failed 400: {""description"":""Validation failed"",""errors"":[{""field"":""other_data_center_325251"",""message"":""Unexpected/invalid field in request"",""code"":""invalid_field""}]}"
yes,CWT support,Portrait Reporting Request,1385,3265979,https://amexgbt.freshservice.com/a/tickets/3265979,yes,17000393233,CWT Oracle Comm DBA,
yes,CWT support,Portrait Web Service Credential Support Request,1464,3265884,https://amexgbt.freshservice.com/a/tickets/3265884,no,,,
yes,CWT support,Power Base Request,1542,3265885,https://amexgbt.freshservice.com/a/tickets/3265885,yes,17000392774,CWT DDB GLOBAL SUPPORT,
yes,CWT support,Power Library Request,1544,3265886,https://amexgbt.freshservice.com/a/tickets/3265886,yes,17000393279,CWT POWER LIBRARY SUPPORT,
yes,CWT support,Request a Business Application,1556,3265887,https://amexgbt.freshservice.com/a/tickets/3265887,no,,,
yes,CWT support,RoomIt Operations - Client Content Request Form,1476,3265888,https://amexgbt.freshservice.com/a/tickets/3265888,yes,17000393237,CWT RoomIt Operations,
yes,CWT support,Rubrik General Request,1396,3265980,https://amexgbt.freshservice.com/a/tickets/3265980,yes,17000392772,CWT Storage,
yes,CWT support,Security Contact Initiation Request,1536,3265889,https://amexgbt.freshservice.com/a/tickets/3265889,no,,,
yes,CWT support,Security Tools Lifecycle Management,1553,3265890,https://amexgbt.freshservice.com/a/tickets/3265890,no,,,
yes,CWT support,Server Automation Request,1529,3265981,https://amexgbt.freshservice.com/a/tickets/3265981,yes,17000393502,CWT Cloud Operations,
no,CWT support,Sensitive PCI and PII Request,1539,,,no,,,"POST /api/v2/service_catalog/items/1539/place_request failed 400: {""description"":""Validation failed"",""errors"":[{""field"":""please_describe_what_this_request_is_for_325251"",""message"":""Unexpected/invalid field in request"",""code"":""invalid_field""}]}"
yes,CWT support,Service Account Maintenance - Update Owner or Retire Account,1392,3265892,https://amexgbt.freshservice.com/a/tickets/3265892,yes,17000392763,CWT Identity & Access Management,
yes,CWT support,Server In-Place Upgrade Request,1540,3265891,https://amexgbt.freshservice.com/a/tickets/3265891,no,,,
yes,CWT support,Setup Secure File Transfer Ad Hoc,1403,3265894,https://amexgbt.freshservice.com/a/tickets/3265894,yes,17000392780,CWT EDE,
yes,CWT support,ServiceNow Reporting Assistance,1537,3265895,https://amexgbt.freshservice.com/a/tickets/3265895,no,,,
yes,CWT support,SharePoint Site and Maintenance Request ,1395,3265897,https://amexgbt.freshservice.com/a/tickets/3265897,yes,17000392771,CWT SharePoint,
yes,CWT support,Setup Secure Transfer Server Access,1390,3265896,https://amexgbt.freshservice.com/a/tickets/3265896,yes,17000392780,CWT EDE,
yes,CWT support,TX Support Italy,1384,3265982,https://amexgbt.freshservice.com/a/tickets/3265982,yes,17000392759,CWT TX PRODUCT EXPERTS ITALY,
no,CWT support,Vulnerability Management Request,1533,,,no,,,"POST /api/v2/service_catalog/items/1533/place_request failed 400: {""description"":""Validation failed"",""errors"":[{""field"":""if_other_please_specify_325251"",""message"":""Unexpected/invalid field in request"",""code"":""invalid_field""},{""field"":""if_other_please_specifiy_325251"",""message"":""Unexpected/invalid field in request"",""code"":""invalid_field""},{""field"":""technical_contact_name_325251"",""message"":""Unexpected/invalid field in request"",""code"":""invalid_field""}]}"
yes,CWT support,WFO Call Recording Request,1480,3265984,https://amexgbt.freshservice.com/a/tickets/3265984,yes,17000393242,CWT Verint QM Global Level 1,
yes,CWT support,Workstation Administrator Access for Developers,1481,3265983,https://amexgbt.freshservice.com/a/tickets/3265983,no,,,
yes,CWT support,Y: Drive Directory Request,1528,3266009,https://amexgbt.freshservice.com/a/tickets/3266009,no,,,
yes,CWT TX Setup & Maintenance,CWT - Application Setup & Maintenance,1378,3265898,https://amexgbt.freshservice.com/a/tickets/3265898,no,,,
yes,CWT TX Setup & Maintenance,CWT - Client Setup & Maintenance,1375,3265899,https://amexgbt.freshservice.com/a/tickets/3265899,no,,,
yes,CWT TX Setup & Maintenance,CWT - Spotnana User Access,1376,3265985,https://amexgbt.freshservice.com/a/tickets/3265985,no,,,
yes,CWT TX Setup & Maintenance,CWT - Finance Setup & Maintenance for Wings,1372,3265900,https://amexgbt.freshservice.com/a/tickets/3265900,yes,17000393245,CWT WINGS BO SUPPORT,
no,CWT TX Setup & Maintenance,CWT - Travel Counselor New Hire Application Access Request,1373,,,no,,,"POST /api/v2/service_catalog/items/1373/place_request failed 400: {""description"":""Validation failed"",""errors"":[{""field"":""add_select_the_names_of_all_new_counselors_325251"",""message"":""Unexpected/invalid field in request"",""code"":""invalid_field""},{""field"":""actual_site_location_of_counselor_325251"",""message"":""Unexpected/invalid field in request"",""code"":""invalid_field""},{""field"":""list_any_red_apps_required_325251"",""message"":""Unexpected/invalid field in request"",""code"
yes,CWT TX Setup & Maintenance,CWT - User Setup & Maintenance,1379,3265901,https://amexgbt.freshservice.com/a/tickets/3265901,no,,,
yes,CWT TX Setup & Maintenance,CWT-Counselor Platform Template Requests,1381,3265986,https://amexgbt.freshservice.com/a/tickets/3265986,no,,,
yes,CWT TX Setup & Maintenance,CWT AVAYA Call Trace Request,1383,3265902,https://amexgbt.freshservice.com/a/tickets/3265902,yes,17000393510,CWT Contact Center Products,
yes,CWT TX Setup & Maintenance,CWT-Counselor Platform User Setup & Maintenance,1377,3265987,https://amexgbt.freshservice.com/a/tickets/3265987,no,,,
yes,CWT TX Setup & Maintenance,CWT-Counselor Platform Workbasket Setup & Maintenance,1380,3265988,https://amexgbt.freshservice.com/a/tickets/3265988,no,,,